TeamId,TeamName,SubmissionDate,Score
512788,ABHISHEKDHAWAN,"2017-03-02 02:05:30",0.96774
513115,zmz,"2017-03-02 05:57:48",0.93951
513300,rahilm,"2017-03-02 07:39:25",0.92741
513300,rahilm,"2017-03-02 08:22:07",0.93951
513490,"Shuhui Huang","2017-03-02 09:13:59",0.91935
514395,"Wei Jin","2017-03-02 18:45:13",0.88709
514451,aperson,"2017-03-02 19:20:26",0.00000
514451,aperson,"2017-03-02 20:44:17",0.91532
513300,rahilm,"2017-03-03 00:01:01",0.95161
514919,"Yicheng Chen","2017-03-03 00:09:43",0.00000
512788,ABHISHEKDHAWAN,"2017-03-03 00:48:22",0.97177
515383,mlmilk,"2017-03-03 06:16:30",0.00000
515542,"Eric Zhao","2017-03-03 07:14:27",0.92741
515383,mlmilk,"2017-03-03 07:43:14",0.92338
514451,aperson,"2017-03-03 17:32:25",0.92741
514451,aperson,"2017-03-03 18:41:37",0.96774
514395,"Wei Jin","2017-03-03 20:14:13",0.89516
516949,"Serah I","2017-03-03 23:41:42",0.91532
514451,aperson,"2017-03-04 00:27:47",0.98790
517068,tpm13,"2017-03-04 02:03:44",0.91129
515542,"Eric Zhao","2017-03-04 06:54:39",0.99193
517433,gracefulpanda,"2017-03-04 08:25:24",0.89919
517433,gracefulpanda,"2017-03-04 08:59:29",0.91935
517469,"Tyler Nguyen","2017-03-04 09:17:40",0.93145
518164,Gustavo,"2017-03-04 19:15:09",0.92338
518194,ytong,"2017-03-04 19:40:44",0.99596
518164,Gustavo,"2017-03-04 20:39:44",0.93145
518477,"Nick Rose (student)","2017-03-04 23:17:57",0.91935
516949,"Serah I","2017-03-04 23:53:05",0.92741
518560,chrisvle,"2017-03-05 00:50:43",0.92741
517469,"Tyler Nguyen","2017-03-05 00:56:14",0.93951
518646,pdawg,"2017-03-05 01:53:14",0.68145
518646,pdawg,"2017-03-05 02:01:41",0.91532
518690,nrasquinha,"2017-03-05 02:43:11",0.92338
518687,"Yash Shah","2017-03-05 02:43:34",0.93145
518692,akrentsel,"2017-03-05 02:43:55",0.91532
518727,"Steven Hewitt","2017-03-05 03:20:06",0.00000
518727,"Steven Hewitt","2017-03-05 03:21:54",0.91129
517469,"Tyler Nguyen","2017-03-05 03:31:57",0.94354
518824,gddh,"2017-03-05 05:06:00",0.93951
518839,"Jingyi Tan","2017-03-05 05:25:15",0.91532
518912,Sana,"2017-03-05 06:48:37",0.82258
518924,"Courtney Vu","2017-03-05 06:56:28",0.94354
518945,"Aditya Mishra","2017-03-05 07:20:43",0.00000
518945,"Aditya Mishra","2017-03-05 07:21:33",0.74193
519014,Suchi,"2017-03-05 08:35:07",0.98387
519114,Inigo,"2017-03-05 10:28:13",0.00000
519114,Inigo,"2017-03-05 10:34:09",0.98790
519128,"Ross Teixeira","2017-03-05 10:42:54",0.00000
519201,ALEXANDERYKU,"2017-03-05 11:34:38",0.00000
519201,ALEXANDERYKU,"2017-03-05 11:37:00",0.93951
519214,"JiaHang Li","2017-03-05 11:50:14",0.95564
519682,anwar,"2017-03-05 18:02:55",0.92338
519771,xybcss,"2017-03-05 19:07:58",0.93145
519807,kaycb,"2017-03-05 19:37:04",0.83064
519861,bexmi,"2017-03-05 20:30:43",0.91532
519861,bexmi,"2017-03-05 20:41:58",0.93951
519893,"Michael Whittaker","2017-03-05 20:57:32",0.93951
519963,"Zhimin Chen","2017-03-05 21:38:18",0.97983
520142,tchcai,"2017-03-05 23:58:00",0.90725
519128,"Ross Teixeira","2017-03-06 00:00:18",0.91532
520183,"Kurtland Chua","2017-03-06 00:35:37",0.00000
512788,ABHISHEKDHAWAN,"2017-03-06 00:36:18",0.98387
520239,michaelxie,"2017-03-06 01:11:29",0.97177
517469,"Tyler Nguyen","2017-03-06 02:12:37",0.94758
519201,ALEXANDERYKU,"2017-03-06 03:08:54",0.94354
520440,"Lara McConnaughey","2017-03-06 03:17:41",0.27016
520440,"Lara McConnaughey","2017-03-06 03:28:11",0.92741
520486,wzhuang,"2017-03-06 03:56:53",0.25806
520496,YizhiMao,"2017-03-06 04:05:45",0.92741
520502,georgew5656,"2017-03-06 04:15:01",0.93548
520239,michaelxie,"2017-03-06 05:40:07",0.97580
520672,"Weston Hughes","2017-03-06 05:59:56",0.93951
519807,kaycb,"2017-03-06 06:00:08",0.92338
520691,"donald wu","2017-03-06 06:15:31",0.92338
520691,"donald wu","2017-03-06 06:19:19",0.93548
520746,ChengLi,"2017-03-06 07:00:44",0.00000
520746,ChengLi,"2017-03-06 07:02:39",0.97177
520852,Aisha,"2017-03-06 08:34:44",0.74193
520852,Aisha,"2017-03-06 09:19:56",0.93951
520946,Hamza,"2017-03-06 09:46:06",0.00000
520946,Hamza,"2017-03-06 10:01:22",0.77822
518945,"Aditya Mishra","2017-03-06 20:32:43",0.87903
522039,bpickering,"2017-03-06 22:20:54",0.92338
522091,Manu,"2017-03-06 22:55:35",0.92741
522039,bpickering,"2017-03-06 23:00:38",0.93951
520183,"Kurtland Chua","2017-03-07 00:02:08",0.91129
518477,"Nick Rose (student)","2017-03-07 00:19:05",0.93951
522200,Jordan,"2017-03-07 00:46:55",0.93951
522215,maiarose,"2017-03-07 00:57:42",0.48790
520486,wzhuang,"2017-03-07 01:15:32",0.97177
517469,"Tyler Nguyen","2017-03-07 01:20:07",0.96370
514395,"Wei Jin","2017-03-07 01:23:17",0.96370
522270,BryceAA,"2017-03-07 01:37:10",0.93145
522299,JunTan,"2017-03-07 01:51:18",0.00000
520946,Hamza,"2017-03-07 01:56:00",0.89919
522233,"i want some in-n-out","2017-03-07 01:58:03",0.92741
522299,JunTan,"2017-03-07 02:09:51",0.77016
522350,SUNPYOHONG,"2017-03-07 02:21:05",0.97177
522355,JANETLIN,"2017-03-07 02:27:52",0.93951
522017,"Wayne Li","2017-03-07 02:44:04",0.93951
522414,liag,"2017-03-07 03:16:47",0.91129
518560,chrisvle,"2017-03-07 03:18:23",0.93951
522434,Labixiaoxin,"2017-03-07 03:30:18",0.00000
522439,MrKrabs,"2017-03-07 03:34:00",0.94354
520142,tchcai,"2017-03-07 03:34:49",0.91129
522483,"Rohit Lalchandani","2017-03-07 04:17:37",0.91532
522519,YU-CHIEHLEE,"2017-03-07 04:34:41",0.95161
522355,JANETLIN,"2017-03-07 05:15:38",0.97177
522619,"Andrew Xu","2017-03-07 05:41:09",0.74193
522619,"Andrew Xu","2017-03-07 05:42:28",0.91935
522628,"SINHO CHEWI","2017-03-07 05:48:01",0.85483
522668,"Edward Fang","2017-03-07 06:16:58",0.93145
522215,maiarose,"2017-03-07 06:21:40",0.60483
522711,mchen,"2017-03-07 06:43:30",0.92741
522726,Eric,"2017-03-07 06:49:50",0.91532
522668,"Edward Fang","2017-03-07 07:41:28",0.96370
522729,nicepotato,"2017-03-07 08:07:48",0.00000
522729,nicepotato,"2017-03-07 08:38:38",0.65725
522991,"Steven Ho","2017-03-07 09:57:33",0.93145
523063,JoshuaAdkins,"2017-03-07 10:51:27",0.93951
522434,Labixiaoxin,"2017-03-07 19:08:10",0.93951
518727,"Steven Hewitt","2017-03-07 20:47:02",0.97580
524002,"Michael Ju","2017-03-07 21:26:33",0.93951
524044,ZM,"2017-03-07 21:53:01",0.00000
524044,ZM,"2017-03-07 21:57:36",0.93951
524128,Ruonan,"2017-03-07 22:55:04",0.91935
522422,ykirloskar,"2017-03-07 23:15:13",0.75403
525224,sppl,"2017-03-08 00:10:04",0.91532
525224,sppl,"2017-03-08 00:33:14",0.93145
525264,"Ian Markowitz","2017-03-08 00:47:59",0.92741
525264,"Ian Markowitz","2017-03-08 01:01:48",0.96774
525289,"David H","2017-03-08 01:09:28",0.95967
525289,"David H","2017-03-08 01:15:37",0.96774
525310,"Kelly Hu","2017-03-08 01:32:53",0.01209
525319,sirlittle,"2017-03-08 01:35:56",0.93951
522215,maiarose,"2017-03-08 02:14:03",0.66532
525310,"Kelly Hu","2017-03-08 02:50:40",0.98790
525567,Michyu,"2017-03-08 04:36:29",0.91129
525578,"James Wenzel","2017-03-08 04:44:43",0.00000
522668,"Edward Fang","2017-03-08 05:03:14",0.96774
522668,"Edward Fang","2017-03-08 05:15:34",0.97177
525620,"Hayden Sheung","2017-03-08 05:23:14",0.92741
525635,mhariri,"2017-03-08 05:33:36",0.93951
522414,liag,"2017-03-08 05:38:51",0.93548
520946,Hamza,"2017-03-08 06:49:59",0.92741
525750,ADCin2k17LUL,"2017-03-08 06:57:19",0.91935
518839,"Jingyi Tan","2017-03-08 07:23:03",0.97177
520575,"Glen Chou","2017-03-08 07:30:48",0.65725
515383,mlmilk,"2017-03-08 07:31:15",0.92741
525847,"Peter J Wang","2017-03-08 07:56:18",0.98790
525851,"Junyu Wang","2017-03-08 07:56:21",0.92741
520239,michaelxie,"2017-03-08 07:59:30",0.97983
525866,jojo,"2017-03-08 08:02:59",0.82258
525620,"Hayden Sheung","2017-03-08 08:30:44",0.93951
519128,"Ross Teixeira","2017-03-08 08:44:48",0.92741
526002,StevenTruong,"2017-03-08 09:21:21",0.85887
526121,"Alex Kumamoto","2017-03-08 10:43:29",0.91532
526163,"ECKS DEEEEEEEEEEEEEEEEEEEEEEEEEEEEEEEEEEE","2017-03-08 10:59:41",0.89919
526163,"ECKS DEEEEEEEEEEEEEEEEEEEEEEEEEEEEEEEEEEE","2017-03-08 11:10:16",0.91129
526225,"Nicholas C.","2017-03-08 11:54:09",0.92741
522434,Labixiaoxin,"2017-03-08 16:53:33",0.98387
522233,"i want some in-n-out","2017-03-08 18:19:52",0.93548
522483,"Rohit Lalchandani","2017-03-08 18:32:00",0.95967
525766,RachelS,"2017-03-08 18:40:18",0.00000
525766,RachelS,"2017-03-08 18:47:00",0.93951
525866,jojo,"2017-03-08 19:04:50",0.92741
522726,Eric,"2017-03-08 19:10:54",0.92741
526945,Codinginging,"2017-03-08 19:38:31",0.92741
516949,"Serah I","2017-03-08 19:59:40",0.93951
526121,"Alex Kumamoto","2017-03-08 20:06:31",0.95967
526002,StevenTruong,"2017-03-08 20:06:40",0.90322
518646,pdawg,"2017-03-08 21:13:38",0.92741
527147,LAWRENCEJIANG,"2017-03-08 21:21:50",0.81048
527155,"Jerry Chen","2017-03-08 21:26:51",0.98387
522091,Manu,"2017-03-08 21:31:26",0.93145
527175,Denis,"2017-03-08 21:31:59",0.96774
527147,LAWRENCEJIANG,"2017-03-08 21:45:15",0.97177
527175,Denis,"2017-03-08 21:49:29",0.97580
525567,Michyu,"2017-03-08 22:21:16",0.92741
527282,"Jason Zhang","2017-03-08 22:50:16",0.89919
527283,caseytaka,"2017-03-08 22:50:54",0.92338
517068,tpm13,"2017-03-08 22:57:15",0.94354
527283,caseytaka,"2017-03-08 23:10:25",0.97580
527321,SriKrishnaVadlamani,"2017-03-08 23:20:15",0.94354
527333,levgolod1,"2017-03-08 23:28:22",0.98790
518646,pdawg,"2017-03-09 00:00:43",0.96370
520496,YizhiMao,"2017-03-09 00:02:18",0.97983
527382,HelenaLee,"2017-03-09 00:18:04",0.92741
525567,Michyu,"2017-03-09 00:21:00",0.93145
522233,"i want some in-n-out","2017-03-09 00:39:12",0.95967
520575,"Glen Chou","2017-03-09 00:44:27",0.95967
526163,"ECKS DEEEEEEEEEEEEEEEEEEEEEEEEEEEEEEEEEEE","2017-03-09 01:10:31",0.92338
527365,jason,"2017-03-09 01:13:10",0.95967
527468,wangxiangjiu,"2017-03-09 01:24:58",0.00000
525578,"James Wenzel","2017-03-09 01:32:56",0.95564
527506,ERICKWANJAN,"2017-03-09 01:44:09",0.92741
527526,jongan,"2017-03-09 01:58:18",0.89112
526163,"ECKS DEEEEEEEEEEEEEEEEEEEEEEEEEEEEEEEEEEE","2017-03-09 02:00:19",0.92741
527506,ERICKWANJAN,"2017-03-09 02:04:26",0.93548
527520,ARAVINDSIVAKUMAR,"2017-03-09 02:08:53",0.98790
522270,BryceAA,"2017-03-09 02:20:01",0.95967
527468,wangxiangjiu,"2017-03-09 02:35:22",0.94354
520142,tchcai,"2017-03-09 03:05:36",0.91532
527647,"Kevin Shi","2017-03-09 03:12:56",0.91532
522619,"Andrew Xu","2017-03-09 03:19:05",0.93548
522726,Eric,"2017-03-09 03:41:02",0.96370
522726,Eric,"2017-03-09 03:43:02",0.97580
526121,"Alex Kumamoto","2017-03-09 03:49:44",0.96370
527704,Eduardo,"2017-03-09 03:54:21",0.66532
527739,SalvadorVILLEGAS,"2017-03-09 04:06:53",0.95161
527742,"Kevin Jiao","2017-03-09 04:10:56",0.97580
527743,jacobsjmd,"2017-03-09 04:12:00",0.64919
527743,jacobsjmd,"2017-03-09 04:15:31",0.92741
527754,BowserJunior,"2017-03-09 04:18:12",0.92741
527755,"Kevin Crabbe","2017-03-09 04:20:00",0.74193
527755,"Kevin Crabbe","2017-03-09 04:38:52",0.93145
527754,BowserJunior,"2017-03-09 04:50:32",0.94354
519128,"Ross Teixeira","2017-03-09 04:54:39",0.93951
527299,"Wan Fung Chui","2017-03-09 05:04:37",0.93145
527811,"Abraham Lin","2017-03-09 05:05:40",0.83064
527811,"Abraham Lin","2017-03-09 05:30:22",0.96370
527898,Nikhil,"2017-03-09 05:57:05",0.93951
527904,hwhuang,"2017-03-09 06:00:17",0.91532
527908,kaogomoo,"2017-03-09 06:04:28",0.00000
525866,jojo,"2017-03-09 06:07:37",0.97580
527921,David,"2017-03-09 06:17:27",0.91532
527940,$YD_MONEY,"2017-03-09 06:23:49",0.92741
527908,kaogomoo,"2017-03-09 06:29:43",0.93951
527921,David,"2017-03-09 06:33:14",0.94758
527953,yika,"2017-03-09 06:33:34",0.93951
519807,kaycb,"2017-03-09 06:39:51",0.94758
527987,"Mustapha Harb","2017-03-09 06:47:24",0.91532
528002,MeowMeow,"2017-03-09 06:56:13",0.92741
528015,"Yuying Wu","2017-03-09 07:01:40",0.85483
528015,"Yuying Wu","2017-03-09 07:06:16",0.94758
528057,"Daniel Shi","2017-03-09 07:30:41",0.74193
528057,"Daniel Shi","2017-03-09 07:31:04",0.89112
528061,shad172,"2017-03-09 07:36:56",0.92338
528087,"Greta Huang","2017-03-09 07:44:47",0.95967
528088,"Taehee Jung","2017-03-09 07:46:45",0.91935
528088,"Taehee Jung","2017-03-09 07:50:33",0.92338
526945,Codinginging,"2017-03-09 08:03:24",0.97177
527382,HelenaLee,"2017-03-09 08:08:41",0.93548
525289,"David H","2017-03-09 08:35:18",0.97177
528186,"Marcus Lee","2017-03-09 08:43:41",0.96774
518912,Sana,"2017-03-09 08:55:44",0.95967
528204,"$$\widehat{ \dbinom{ \odot_\text{v} \odot}{ \wr}}$$","2017-03-09 08:56:35",0.93951
528087,"Greta Huang","2017-03-09 08:57:32",0.96774
528002,MeowMeow,"2017-03-09 09:01:38",0.93145
528204,"$$\widehat{ \dbinom{ \odot_\text{v} \odot}{ \wr}}$$","2017-03-09 09:07:16",0.97177
524128,Ruonan,"2017-03-09 09:22:24",0.96370
528300,jerryz123,"2017-03-09 09:40:35",0.91532
528300,jerryz123,"2017-03-09 09:42:04",0.92741
528339,"Allen Iverson","2017-03-09 10:05:15",0.00000
528339,"Allen Iverson","2017-03-09 10:10:50",0.94354
528460,"hubert tsen","2017-03-09 11:06:14",0.91532
526225,"Nicholas C.","2017-03-09 11:25:28",0.93145
528460,"hubert tsen","2017-03-09 12:45:44",0.92741
529159,"Yuchen Jiang","2017-03-09 17:15:55",0.93951
513490,"Shuhui Huang","2017-03-09 17:29:10",0.97580
517433,gracefulpanda,"2017-03-09 17:50:07",0.92741
527175,Denis,"2017-03-09 18:02:43",0.97983
529268,"BAIHONG JIN","2017-03-09 18:33:02",0.96774
529321,"Riley Edmunds","2017-03-09 19:11:26",0.93145
529371,LIAMSAYERPURVIS,"2017-03-09 19:43:26",0.93548
514919,"Yicheng Chen","2017-03-09 19:57:04",0.98790
529425,"Ben Brock","2017-03-09 20:09:45",0.99193
527904,hwhuang,"2017-03-09 20:13:26",0.92741
529479,atclarkchen,"2017-03-09 20:46:56",0.93951
529512,"Bofan Chen","2017-03-09 21:03:26",0.91532
529504,"Caroline Lemieux","2017-03-09 21:18:01",0.91935
522422,ykirloskar,"2017-03-09 21:25:09",0.98790
527282,"Jason Zhang","2017-03-09 21:27:17",0.97177
514919,"Yicheng Chen","2017-03-09 21:32:24",0.99596
527647,"Kevin Shi","2017-03-09 21:51:25",0.92741
529615,kwang,"2017-03-09 22:10:13",0.91935
529651,ckck,"2017-03-09 22:28:42",0.91129
529651,ckck,"2017-03-09 22:56:53",0.97177
522299,JunTan,"2017-03-09 23:00:43",0.87096
522628,"SINHO CHEWI","2017-03-09 23:30:04",0.91935
529504,"Caroline Lemieux","2017-03-09 23:35:30",0.93548
529733,Fidar,"2017-03-09 23:37:24",0.91532
529739,"Justin Lu","2017-03-09 23:40:53",0.91129
529743,LetianShi,"2017-03-09 23:42:51",0.88709
529739,"Justin Lu","2017-03-09 23:48:50",0.92741
529750,"Alex Hsieh","2017-03-09 23:49:00",0.93548
520142,tchcai,"2017-03-09 23:58:37",0.95967
527921,David,"2017-03-10 00:00:12",0.95967
528057,"Daniel Shi","2017-03-10 00:02:39",0.97177
522299,JunTan,"2017-03-10 00:06:59",0.88306
527382,HelenaLee,"2017-03-10 00:06:59",0.95161
529504,"Caroline Lemieux","2017-03-10 00:09:05",0.95564
529733,Fidar,"2017-03-10 00:10:33",0.92741
526163,"ECKS DEEEEEEEEEEEEEEEEEEEEEEEEEEEEEEEEEEE","2017-03-10 00:17:02",0.93548
528460,"hubert tsen","2017-03-10 00:18:26",0.93548
527704,Eduardo,"2017-03-10 00:19:20",0.95564
525851,"Junyu Wang","2017-03-10 00:42:45",0.96774
527743,jacobsjmd,"2017-03-10 00:46:29",0.93548
529813,YipengZhuang,"2017-03-10 00:47:12",0.92338
527382,HelenaLee,"2017-03-10 00:50:21",0.96774
529826,LeDong,"2017-03-10 00:56:08",0.00000
529835,"Jordi Silvestre-Ryan","2017-03-10 01:02:52",0.93951
528002,MeowMeow,"2017-03-10 01:04:33",0.93548
529839,NealJackson,"2017-03-10 01:05:25",0.94758
527526,jongan,"2017-03-10 01:06:05",0.93951
529826,LeDong,"2017-03-10 01:06:20",0.90322
528002,MeowMeow,"2017-03-10 01:16:01",0.93951
527704,Eduardo,"2017-03-10 01:21:36",0.96370
529858,JamieLincoff,"2017-03-10 01:29:29",0.98790
528300,jerryz123,"2017-03-10 01:33:52",0.94354
529743,LetianShi,"2017-03-10 01:37:56",0.91532
520183,"Kurtland Chua","2017-03-10 01:53:42",0.91532
520142,tchcai,"2017-03-10 01:56:47",0.97177
527940,$YD_MONEY,"2017-03-10 02:02:40",0.93951
529929,"Michelle Ching","2017-03-10 02:05:17",0.93145
522729,nicepotato,"2017-03-10 02:05:35",0.91532
527987,"Mustapha Harb","2017-03-10 02:11:15",0.92338
529935,MingdiZheng,"2017-03-10 02:16:43",0.92338
528339,"Allen Iverson","2017-03-10 02:21:51",0.96774
529615,kwang,"2017-03-10 02:26:11",0.92741
529976,"Simon Deng","2017-03-10 02:37:58",0.00000
529976,"Simon Deng","2017-03-10 02:39:35",0.93951
529981,"David Koh","2017-03-10 02:41:24",0.00000
529935,MingdiZheng,"2017-03-10 02:57:24",0.92741
529997,"Sam Lau","2017-03-10 02:59:27",0.92741
530024,"Vivek CVR","2017-03-10 03:06:31",0.00000
525750,ADCin2k17LUL,"2017-03-10 03:37:42",0.92338
530080,"Gary Hoang","2017-03-10 03:38:52",0.00000
530080,"Gary Hoang","2017-03-10 03:41:49",0.91935
529981,"David Koh","2017-03-10 03:49:03",0.92741
530118,hehe,"2017-03-10 04:10:49",0.00000
530138,"Zeynep Ali","2017-03-10 04:31:10",0.93145
530156,pman,"2017-03-10 04:37:54",0.93951
530138,"Zeynep Ali","2017-03-10 04:39:27",0.97177
530024,"Vivek CVR","2017-03-10 04:44:47",0.97177
527904,hwhuang,"2017-03-10 04:48:02",0.93145
526002,StevenTruong,"2017-03-10 04:52:41",0.91532
530197,lohan,"2017-03-10 05:02:23",0.00000
530197,lohan,"2017-03-10 05:07:27",0.87500
530264,suki,"2017-03-10 05:51:00",0.92741
530264,suki,"2017-03-10 05:52:22",0.96774
529504,"Caroline Lemieux","2017-03-10 06:12:40",0.96774
530311,gm,"2017-03-10 06:22:12",0.00000
530311,gm,"2017-03-10 06:37:54",0.48387
527908,kaogomoo,"2017-03-10 06:46:39",0.95967
528087,"Greta Huang","2017-03-10 07:07:49",0.97580
517433,gracefulpanda,"2017-03-10 07:24:53",0.96370
530417,Primus,"2017-03-10 07:26:12",0.93145
530423,bigdaddyduazo,"2017-03-10 07:30:08",0.95967
530452,CalvinYu,"2017-03-10 07:49:54",0.82661
520946,Hamza,"2017-03-10 07:58:55",0.93951
530452,CalvinYu,"2017-03-10 08:01:13",0.93548
530491,"Victor Solis","2017-03-10 08:15:16",0.00000
530628,"Jerry Chen 2","2017-03-10 09:29:43",0.91532
530652,"Austin Leung","2017-03-10 09:44:56",0.85887
530652,"Austin Leung","2017-03-10 09:46:45",0.93548
530649,"Tommy Tai","2017-03-10 09:58:21",0.74193
530680,agl000,"2017-03-10 10:05:22",0.88709
530118,hehe,"2017-03-10 10:21:38",0.92741
530762,"McKane Andrus","2017-03-10 11:10:28",0.97177
530680,agl000,"2017-03-10 11:10:55",0.89112
530649,"Tommy Tai","2017-03-10 11:36:41",0.96774
530802,"Andrew Linxie","2017-03-10 11:45:53",0.95161
530528,andrew7234,"2017-03-10 11:46:36",0.93145
530989,BrandonJabr,"2017-03-10 14:49:44",0.93951
522729,nicepotato,"2017-03-10 17:23:53",0.97580
532378,mchang6137,"2017-03-10 18:03:32",0.91129
532384,"Alexander Yu","2017-03-10 18:07:51",0.93951
524044,ZM,"2017-03-10 18:25:00",0.94758
532434,KK,"2017-03-10 18:45:27",0.92741
530740,Zemei,"2017-03-10 18:53:47",0.00000
530740,Zemei,"2017-03-10 19:03:19",0.92338
532491,"Mitch Lin","2017-03-10 19:23:22",0.92741
532516,"Anke Zhang","2017-03-10 19:42:16",0.98790
532519,VYOMVIJAYKAVISHWAR,"2017-03-10 19:43:21",0.92338
532611,"Henry Qin","2017-03-10 21:02:26",0.94758
522017,"Wayne Li","2017-03-10 21:58:12",0.94758
532686,tjain,"2017-03-10 21:59:29",0.86290
532686,tjain,"2017-03-10 22:12:36",0.91935
532690,~*Richard*~,"2017-03-10 22:16:05",0.95967
532453,"S  K","2017-03-10 22:24:50",0.91532
532725,SreeshaVenkat,"2017-03-10 22:40:54",0.93548
532733,"Nerissa Lin","2017-03-10 22:45:25",0.97983
532453,"S  K","2017-03-10 22:59:30",0.92741
532523,fracha,"2017-03-10 23:01:46",0.93951
529739,"Justin Lu","2017-03-10 23:01:51",0.94354
532756,"Zhaoqin Ye","2017-03-10 23:05:54",0.00000
532756,"Zhaoqin Ye","2017-03-10 23:08:09",0.91532
532810,"Steven C. Chen","2017-03-10 23:55:48",0.89516
532810,"Steven C. Chen","2017-03-10 23:58:52",0.91935
529981,"David Koh","2017-03-11 00:00:20",0.93951
532519,VYOMVIJAYKAVISHWAR,"2017-03-11 00:08:55",0.92741
526002,StevenTruong,"2017-03-11 00:13:11",0.93951
532833,michang,"2017-03-11 00:20:05",0.92741
529826,LeDong,"2017-03-11 00:21:39",0.93548
530024,"Vivek CVR","2017-03-11 00:24:23",0.98790
532850,"Patrick Chenglo","2017-03-11 00:36:02",0.92741
532453,"S  K","2017-03-11 00:37:58",0.93951
530740,Zemei,"2017-03-11 00:46:01",0.95967
532855,lil_rick,"2017-03-11 00:50:48",0.91532
520183,"Kurtland Chua","2017-03-11 00:53:36",0.92338
532849,"Michael Theodorides","2017-03-11 00:57:24",0.93548
529615,kwang,"2017-03-11 01:03:56",0.96774
532855,lil_rick,"2017-03-11 01:04:25",0.92741
530197,lohan,"2017-03-11 01:32:03",0.91129
512788,ABHISHEKDHAWAN,"2017-03-11 01:32:45",0.98790
532914,Denrogamus,"2017-03-11 01:48:34",0.93548
527505,"Kevin Ji","2017-03-11 01:56:06",0.92741
532922,keirp,"2017-03-11 01:57:58",0.93951
532920,fyang1234,"2017-03-11 02:04:53",0.96370
532210,aiswaryas,"2017-03-11 02:08:22",0.93548
530628,"Jerry Chen 2","2017-03-11 02:22:31",0.92741
529743,LetianShi,"2017-03-11 02:35:01",0.93145
532980,jerryoftheday,"2017-03-11 02:57:16",0.91532
532996,XiangyuYue,"2017-03-11 03:08:42",0.74193
532996,XiangyuYue,"2017-03-11 03:12:54",0.94758
530628,"Jerry Chen 2","2017-03-11 03:20:38",0.93951
533020,caro,"2017-03-11 03:31:33",0.92741
533021,"Scott Wiener","2017-03-11 03:31:40",0.92741
532833,michang,"2017-03-11 03:33:20",0.93145
518945,"Aditya Mishra","2017-03-11 03:34:27",0.94758
533038,"Xuexin Ren","2017-03-11 03:43:51",0.92741
533038,"Xuexin Ren","2017-03-11 03:54:50",0.93951
533073,"Alice Wang","2017-03-11 04:26:49",0.91532
533078,"what in classification","2017-03-11 04:31:22",0.89919
533080,"Anshul Tibrewal","2017-03-11 04:35:48",0.64919
533078,"what in classification","2017-03-11 04:42:54",0.91532
529820,KailiangChen,"2017-03-11 05:06:53",0.97177
530417,Primus,"2017-03-11 05:08:42",0.93548
524002,"Michael Ju","2017-03-11 05:34:04",0.95564
533162,wtiftih,"2017-03-11 05:46:52",0.93951
525750,ADCin2k17LUL,"2017-03-11 06:03:14",0.92741
529813,YipengZhuang,"2017-03-11 06:25:43",0.94758
533217,dennis,"2017-03-11 06:34:23",0.00000
533219,Meow,"2017-03-11 06:36:51",0.93951
533217,dennis,"2017-03-11 06:44:12",0.97983
533236,"Robin Oh","2017-03-11 06:54:38",0.93951
533243,Addit113,"2017-03-11 06:57:33",0.99193
529976,"Simon Deng","2017-03-11 06:58:17",0.97580
533250,vicky11z,"2017-03-11 07:02:17",0.95967
533253,"Harley Patton","2017-03-11 07:05:23",0.91532
530417,Primus,"2017-03-11 07:08:16",0.95564
533277,jshum,"2017-03-11 07:22:35",0.92741
529820,KailiangChen,"2017-03-11 07:22:56",0.97983
533279,zero,"2017-03-11 07:24:00",0.92741
530491,"Victor Solis","2017-03-11 07:37:37",0.92741
533238,varsha,"2017-03-11 07:48:12",0.83870
522711,mchen,"2017-03-11 07:49:15",0.94354
532378,mchang6137,"2017-03-11 07:49:16",0.93951
533277,jshum,"2017-03-11 08:11:15",0.93548
533279,zero,"2017-03-11 08:12:32",0.93145
533333,"Roshni Patel","2017-03-11 08:13:00",0.92741
527526,jongan,"2017-03-11 08:20:41",0.97177
533238,varsha,"2017-03-11 08:25:01",0.91935
533354,"Joseph Levin","2017-03-11 08:25:30",0.00000
529743,LetianShi,"2017-03-11 08:27:52",0.95564
533354,"Joseph Levin","2017-03-11 08:29:47",0.93951
533021,"Scott Wiener","2017-03-11 08:40:33",0.94758
533377,sirej,"2017-03-11 08:42:34",0.93951
533378,"ABRAAR AKHTER","2017-03-11 08:43:43",0.91532
533346,"Michael Snowden","2017-03-11 08:46:16",0.93548
533378,"ABRAAR AKHTER","2017-03-11 08:47:44",0.92338
533399,annie,"2017-03-11 09:08:28",0.97580
533333,"Roshni Patel","2017-03-11 09:09:14",0.93951
533416,MingjiaChen,"2017-03-11 09:18:28",0.98790
533425,JOSEPHXINYIYAN,"2017-03-11 09:23:03",0.90725
533427,Akilesh,"2017-03-11 09:24:19",0.98387
524128,Ruonan,"2017-03-11 09:24:48",0.98387
533425,JOSEPHXINYIYAN,"2017-03-11 09:32:22",0.93951
533440,omarb,"2017-03-11 09:45:53",0.85080
533440,omarb,"2017-03-11 09:53:02",0.91935
533494,"He Yin","2017-03-11 10:47:52",0.92741
533508,ldezhenkong,"2017-03-11 10:52:43",0.93951
533548,"Michael McDonald","2017-03-11 11:47:01",0.93951
533564,"Cora Kingdon","2017-03-11 12:19:42",0.78225
533621,Pasha_Badary,"2017-03-11 12:45:12",0.92741
533621,Pasha_Badary,"2017-03-11 12:52:04",0.95161
533672,afangname,"2017-03-11 13:06:58",0.92338
529813,YipengZhuang,"2017-03-11 16:36:48",0.97177
534021,AngelJ,"2017-03-11 17:27:36",0.97580
530080,"Gary Hoang","2017-03-11 18:00:25",0.94354
532756,"Zhaoqin Ye","2017-03-11 18:11:40",0.97983
522215,maiarose,"2017-03-11 18:16:50",0.93951
529929,"Michelle Ching","2017-03-11 18:41:31",0.93951
518164,Gustavo,"2017-03-11 19:25:04",0.94354
533564,"Cora Kingdon","2017-03-11 19:50:05",0.98790
534182,"Chiao-Yu Yang","2017-03-11 19:56:42",0.92741
533427,Akilesh,"2017-03-11 20:14:39",0.99193
534196,YAYtears,"2017-03-11 20:19:03",0.97580
534200,"Bill Zhou","2017-03-11 20:23:03",0.93548
534182,"Chiao-Yu Yang","2017-03-11 21:05:14",0.93951
522628,"SINHO CHEWI","2017-03-11 21:07:41",0.95967
527987,"Mustapha Harb","2017-03-11 21:16:38",0.92741
534326,"Ian McAulay","2017-03-11 22:18:17",0.93951
534331,"Rose Zhao","2017-03-11 22:25:21",0.98387
534364,SUDEEP-R-DASARI,"2017-03-11 23:00:04",0.95564
534365,"C. Kevin Chen","2017-03-11 23:01:07",0.93951
534396,BeaGir,"2017-03-11 23:18:23",0.86693
528204,"$$\widehat{ \dbinom{ \odot_\text{v} \odot}{ \wr}}$$","2017-03-11 23:21:21",0.99193
534401,"$$J = -\sum_{i=1}^{n}(y_i\ln{s(X_i \cdot w) + (1 - y_i)\ln(1 - (X_i \cdot w)}))$$","2017-03-11 23:22:11",0.94354
534403,"Matt V","2017-03-11 23:25:54",0.91532
534403,"Matt V","2017-03-11 23:30:05",0.92741
532810,"Steven C. Chen","2017-03-11 23:34:21",0.93145
529997,"Sam Lau","2017-03-11 23:38:03",0.98387
533672,afangname,"2017-03-11 23:41:19",0.92741
533162,wtiftih,"2017-03-11 23:54:54",0.97580
534012,alxhwg,"2017-03-11 23:55:19",0.95161
534012,alxhwg,"2017-03-11 23:56:01",0.95564
522726,Eric,"2017-03-11 23:59:29",0.99193
533253,"Harley Patton","2017-03-12 00:00:09",0.97983
522726,Eric,"2017-03-12 00:00:30",0.99596
534434,"Gary Ge","2017-03-12 00:01:29",0.00000
528088,"Taehee Jung","2017-03-12 00:01:54",0.93548
533253,"Harley Patton","2017-03-12 00:03:38",0.98387
534433,sabs,"2017-03-12 00:04:05",0.79032
534434,"Gary Ge","2017-03-12 00:04:24",0.91129
527505,"Kevin Ji","2017-03-12 00:05:25",0.93951
512788,ABHISHEKDHAWAN,"2017-03-12 00:07:10",0.99193
534446,maya,"2017-03-12 00:11:43",0.92338
534449,achen,"2017-03-12 00:14:51",0.93145
534426,lvlahos,"2017-03-12 00:17:00",0.91532
534446,maya,"2017-03-12 00:18:38",0.92741
534451,mambotown,"2017-03-12 00:20:24",0.92741
532855,lil_rick,"2017-03-12 00:23:43",0.93951
532519,VYOMVIJAYKAVISHWAR,"2017-03-12 00:26:26",0.94354
520183,"Kurtland Chua","2017-03-12 00:27:41",0.92741
534468,DonghyeonKo,"2017-03-12 00:35:39",0.93145
534365,"C. Kevin Chen","2017-03-12 00:35:59",0.95967
532850,"Patrick Chenglo","2017-03-12 00:38:11",0.93548
534473,PRIYAWADHWA,"2017-03-12 00:40:40",0.94758
520183,"Kurtland Chua","2017-03-12 00:41:48",0.93145
534451,mambotown,"2017-03-12 00:43:46",0.93548
533080,"Anshul Tibrewal","2017-03-12 00:47:03",0.93548
534475,"Naman P","2017-03-12 00:48:37",0.92741
534479,PatrickStar,"2017-03-12 00:53:28",0.91129
522668,"Edward Fang","2017-03-12 00:56:44",0.97983
522668,"Edward Fang","2017-03-12 00:59:02",0.99193
534433,sabs,"2017-03-12 01:04:50",0.94758
533020,caro,"2017-03-12 01:17:35",0.94758
534479,PatrickStar,"2017-03-12 01:18:31",0.91935
534499,"Santiago Manzur","2017-03-12 01:30:04",0.93951
534512,Jakob,"2017-03-12 01:41:38",0.76612
520440,"Lara McConnaughey","2017-03-12 01:48:11",0.93951
534519,taohanwang,"2017-03-12 01:51:47",0.22983
534524,"Justin Kirk","2017-03-12 01:53:43",0.93548
530311,gm,"2017-03-12 01:59:39",0.92741
534524,"Justin Kirk","2017-03-12 02:02:16",0.95161
534534,yyyy,"2017-03-12 02:03:21",0.92741
534547,tejg,"2017-03-12 02:16:09",0.91532
534534,yyyy,"2017-03-12 02:17:24",0.93951
534551,"Tanay Nathan","2017-03-12 02:21:22",0.75403
534547,tejg,"2017-03-12 02:25:18",0.97580
533073,"Alice Wang","2017-03-12 02:34:37",0.96370
534568,giulioooo,"2017-03-12 02:40:29",0.94354
534573,"Mohamad Arabi","2017-03-12 02:41:47",0.91532
534563,dzhang1729,"2017-03-12 02:42:42",0.00000
534590,"Surendran Subbiah","2017-03-12 02:58:07",0.88306
534563,dzhang1729,"2017-03-12 03:01:58",0.97580
530311,gm,"2017-03-12 03:04:56",0.94354
516876,"Orkun Duman","2017-03-12 03:21:47",0.93145
529743,LetianShi,"2017-03-12 03:44:53",0.97580
534639,hoovertower,"2017-03-12 03:46:41",0.90725
534665,"Juwon Kim","2017-03-12 04:13:13",0.88306
525750,ADCin2k17LUL,"2017-03-12 04:15:01",0.93145
534674,"Yujiao Cheng","2017-03-12 04:25:53",0.98790
534691,Jayden,"2017-03-12 04:31:48",0.95161
533440,omarb,"2017-03-12 04:39:59",0.92338
519682,anwar,"2017-03-12 04:47:00",0.92741
534713,"Hemang Jangle","2017-03-12 04:56:52",0.99596
534714,JASONAI,"2017-03-12 04:57:06",0.95564
534721,maxwell,"2017-03-12 05:01:29",0.00000
534721,maxwell,"2017-03-12 05:05:22",0.96370
534732,Han123,"2017-03-12 05:13:02",0.92741
534410,mcline,"2017-03-12 05:21:29",0.94354
530118,hehe,"2017-03-12 05:21:49",0.93548
534747,cschon,"2017-03-12 05:24:13",0.91129
534749,Snow,"2017-03-12 05:25:53",0.93951
534752,"Dorian Chan","2017-03-12 05:29:19",0.93951
534766,soyunarrecho,"2017-03-12 05:41:26",0.92741
534776,ChenTang,"2017-03-12 05:53:33",0.95967
534747,cschon,"2017-03-12 05:56:02",0.92741
533238,varsha,"2017-03-12 05:59:09",0.92741
534665,"Juwon Kim","2017-03-12 06:03:18",0.94758
533238,varsha,"2017-03-12 06:14:00",0.93145
534828,victorngo,"2017-03-12 06:20:57",0.93951
534512,Jakob,"2017-03-12 06:21:16",0.94758
534375,alex,"2017-03-12 06:28:40",0.92741
534776,ChenTang,"2017-03-12 06:29:01",0.99193
534837,Serena,"2017-03-12 06:32:36",0.89919
533672,afangname,"2017-03-12 06:40:36",0.93145
534846,"Eric Pai","2017-03-12 06:41:16",0.94354
534851,Lilypad,"2017-03-12 06:49:41",0.93951
534858,JonathanChu,"2017-03-12 07:00:41",0.93951
534885,goldfish,"2017-03-12 07:10:47",0.90322
534891,"Jay Desai","2017-03-12 07:15:00",0.98387
534913,"Bo Yang","2017-03-12 07:35:14",0.97580
534937,"Pasha Minkovsky","2017-03-12 07:52:26",0.00000
534823,kasper,"2017-03-12 07:52:41",0.93951
534937,"Pasha Minkovsky","2017-03-12 07:54:58",0.93951
534955,"wot 'n tarnation","2017-03-12 08:01:43",0.93145
534933,"Andrew Millman","2017-03-12 08:02:42",0.92741
534933,"Andrew Millman","2017-03-12 08:15:12",0.93548
534276,CHUQIANLI,"2017-03-12 08:20:11",0.93951
534885,goldfish,"2017-03-12 08:20:55",0.95564
533621,Pasha_Badary,"2017-03-12 08:22:45",0.99193
534955,"wot 'n tarnation","2017-03-12 08:53:28",0.95161
535000,ShiyuJin,"2017-03-12 09:03:13",0.92741
535013,DDNH,"2017-03-12 09:06:37",0.92338
535020,"junjie rao","2017-03-12 09:19:03",0.82258
535000,ShiyuJin,"2017-03-12 09:45:21",0.95564
535070,"Arda Sahiner","2017-03-12 09:48:01",0.93951
535108,JaumeVivesIBastida,"2017-03-12 10:12:49",0.92741
534935,"Hung Vu","2017-03-12 10:14:06",0.00000
534935,"Hung Vu","2017-03-12 10:18:45",0.92741
535119,sonia,"2017-03-12 10:19:08",0.92741
535013,DDNH,"2017-03-12 10:26:08",0.93951
535119,sonia,"2017-03-12 10:44:13",0.93951
535183,rohan.singh,"2017-03-12 11:16:27",0.00000
535183,rohan.singh,"2017-03-12 11:22:32",0.66935
535242,"HANS ZHENG","2017-03-12 11:52:18",0.89919
519214,"JiaHang Li","2017-03-12 11:57:36",0.98790
535242,"HANS ZHENG","2017-03-12 12:18:30",0.90322
535332,"Alan Li","2017-03-12 13:02:25",0.97983
535655,"Casey Zhang","2017-03-12 17:00:11",0.98387
535665,HengyuKuang,"2017-03-12 17:08:02",0.99596
534375,alex,"2017-03-12 17:13:56",0.95967
535799,"Yifat Amir","2017-03-12 18:52:32",0.88306
530156,pman,"2017-03-12 19:17:06",0.95564
530156,pman,"2017-03-12 19:17:45",0.98387
533440,omarb,"2017-03-12 20:30:37",0.93145
535974,kanaad,"2017-03-12 20:43:44",0.91532
534639,hoovertower,"2017-03-12 20:55:55",0.94758
536029,WENXINLI,"2017-03-12 21:17:19",0.95967
530680,agl000,"2017-03-12 21:23:27",0.92741
536071,BlakeT,"2017-03-12 21:39:41",0.74193
536116,DhvaniPatel,"2017-03-12 22:28:22",0.97580
536158,"Hongxu Ma","2017-03-12 22:49:12",0.93951
536164,"Chris Mathy","2017-03-12 22:50:44",0.95564
536184,"Yuki Mizuno","2017-03-12 23:11:53",0.92741
536171,CHENMENG,"2017-03-12 23:14:07",0.91532
536129,"Caren Thomas","2017-03-12 23:19:56",0.91532
534573,"Mohamad Arabi","2017-03-12 23:23:23",0.96370
536196,cs189,"2017-03-12 23:23:30",0.91532
536200,"Alex Y","2017-03-12 23:24:35",0.91532
536206,Minho,"2017-03-12 23:27:19",0.93145
536184,"Yuki Mizuno","2017-03-12 23:28:26",0.93951
534396,BeaGir,"2017-03-12 23:31:06",0.87500
536196,cs189,"2017-03-12 23:31:37",0.93145
536200,"Alex Y","2017-03-12 23:41:51",0.92741
534396,BeaGir,"2017-03-12 23:50:02",0.88306
536230,EricaZhu,"2017-03-12 23:50:24",0.65322
536236,"KILE YOUNG","2017-03-12 23:53:06",0.93145
536243,Pranit,"2017-03-12 23:56:41",0.92741
536245,jthakar,"2017-03-12 23:59:34",0.91129
533378,"ABRAAR AKHTER","2017-03-13 00:00:14",0.94354
534426,lvlahos,"2017-03-13 00:00:41",0.96370
534446,maya,"2017-03-13 00:01:41",0.94758
536251,dannver,"2017-03-13 00:06:48",0.92741
535799,"Yifat Amir","2017-03-13 00:09:50",0.92741
534935,"Hung Vu","2017-03-13 00:10:33",0.99193
533078,"what in classification","2017-03-13 00:11:35",0.91935
535242,"HANS ZHENG","2017-03-13 00:16:06",0.91532
536275,YaoyangZhang,"2017-03-13 00:19:49",0.92741
534434,"Gary Ge","2017-03-13 00:19:59",0.91532
536280,"ZISU DONG","2017-03-13 00:24:21",0.91532
534475,"Naman P","2017-03-13 00:25:41",0.94354
536269,katzl,"2017-03-13 00:26:35",0.94354
536275,YaoyangZhang,"2017-03-13 00:28:07",0.97580
536280,"ZISU DONG","2017-03-13 00:28:57",0.93951
536171,CHENMENG,"2017-03-13 00:30:57",0.98387
536290,GANESHPRASADRAPOLU,"2017-03-13 00:31:02",0.91532
536263,"Yuzhu Zhang","2017-03-13 00:32:43",0.93951
536274,elle,"2017-03-13 00:32:50",0.92741
536297,iamacgregor,"2017-03-13 00:35:02",0.97983
534403,"Matt V","2017-03-13 00:38:33",0.95967
536309,vtv189,"2017-03-13 00:41:00",0.94758
536313,"Andy Chau","2017-03-13 00:44:42",0.92741
536320,mdClark,"2017-03-13 00:48:59",0.92741
534396,BeaGir,"2017-03-13 00:50:02",0.88709
529813,YipengZhuang,"2017-03-13 00:54:05",0.97580
534512,Jakob,"2017-03-13 00:54:50",0.96370
534933,"Andrew Millman","2017-03-13 01:00:33",0.94354
534434,"Gary Ge","2017-03-13 01:01:57",0.97580
536338,helen,"2017-03-13 01:03:06",0.91532
534551,"Tanay Nathan","2017-03-13 01:08:25",0.77016
536346,PlayedMinecraftFor35HoursNonStopThisWeekend,"2017-03-13 01:08:40",0.98790
536236,"KILE YOUNG","2017-03-13 01:17:15",0.93548
536360,shuo_yao,"2017-03-13 01:19:48",0.96774
534551,"Tanay Nathan","2017-03-13 01:27:20",0.91532
533238,varsha,"2017-03-13 01:29:47",0.94758
532491,"Mitch Lin","2017-03-13 01:39:27",0.94354
515383,mlmilk,"2017-03-13 01:40:35",0.95967
536390,"Sheng Tan","2017-03-13 01:45:25",0.92741
536230,EricaZhu,"2017-03-13 01:50:33",0.91935
534846,"Eric Pai","2017-03-13 02:00:23",0.98790
536390,"Sheng Tan","2017-03-13 02:07:38",0.93951
535183,rohan.singh,"2017-03-13 02:23:45",0.93548
536454,canibringmycat,"2017-03-13 02:27:37",0.95564
518945,"Aditya Mishra","2017-03-13 02:34:15",0.99596
536487,"Jacky Lu","2017-03-13 02:46:52",0.92741
536489,dominicbueno,"2017-03-13 02:47:02",0.04435
536489,dominicbueno,"2017-03-13 02:49:15",0.95564
536200,"Alex Y","2017-03-13 02:55:04",0.93145
536505,ShashankBhargava,"2017-03-13 02:55:10",0.91935
536520,dzheng,"2017-03-13 03:11:59",0.97177
536526,"luke larson","2017-03-13 03:16:28",0.91129
536528,cporter,"2017-03-13 03:16:43",0.92741
525578,"James Wenzel","2017-03-13 03:35:56",0.95967
536583,"James Hulett","2017-03-13 03:47:41",0.92338
534732,Han123,"2017-03-13 03:48:15",0.93548
534479,PatrickStar,"2017-03-13 03:54:54",0.97580
536612,"Andrew Tan","2017-03-13 04:12:21",0.92741
528061,shad172,"2017-03-13 04:23:31",0.95967
536612,"Andrew Tan","2017-03-13 04:28:50",0.93548
536641,zacktobar13,"2017-03-13 04:32:03",0.95161
536071,BlakeT,"2017-03-13 04:38:02",0.77016
536670,"Bowen Wang","2017-03-13 04:48:32",0.96774
536663,henrysmith,"2017-03-13 04:54:31",0.94758
536682,air217,"2017-03-13 04:57:19",0.95161
534182,"Chiao-Yu Yang","2017-03-13 04:58:59",0.95161
536694,"Christopher Lin","2017-03-13 05:04:41",0.92741
536701,"Jason Bao","2017-03-13 05:11:17",0.93951
536703,OmarAbdul-hadi,"2017-03-13 05:15:21",0.91532
536716,"Canzhi Ye","2017-03-13 05:36:20",0.91935
536744,Ben_,"2017-03-13 05:51:50",0.98790
536744,Ben_,"2017-03-13 06:02:04",0.99193
536773,scoobyd,"2017-03-13 06:07:48",0.74193
536716,"Canzhi Ye","2017-03-13 06:14:39",0.92741
536313,"Andy Chau","2017-03-13 06:19:28",0.93951
536803,Pojostick,"2017-03-13 06:19:42",0.00000
536777,"Anurag Baddam","2017-03-13 06:21:22",0.92741
536803,Pojostick,"2017-03-13 06:27:23",0.94758
536842,daytonthorpe,"2017-03-13 06:37:25",0.99596
536817,"Arun Ramamurthy","2017-03-13 06:37:56",0.77016
536129,"Caren Thomas","2017-03-13 06:54:13",0.93145
536869,dkong,"2017-03-13 06:54:32",0.91532
527987,"Mustapha Harb","2017-03-13 06:58:59",0.95967
536881,"Lisa Jian","2017-03-13 07:01:45",0.87903
536591,tusing,"2017-03-13 07:08:56",0.94758
536817,"Arun Ramamurthy","2017-03-13 07:10:59",0.91532
536913,JessicaSatnick,"2017-03-13 07:21:25",0.00000
536919,"Alex Chan","2017-03-13 07:25:29",0.00000
536913,JessicaSatnick,"2017-03-13 07:26:17",0.91532
536867,ianm,"2017-03-13 07:28:21",0.74193
535242,"HANS ZHENG","2017-03-13 07:32:35",0.94354
536867,ianm,"2017-03-13 07:41:32",0.78225
536950,mitch,"2017-03-13 07:43:32",0.88306
536950,mitch,"2017-03-13 07:58:33",0.95564
536982,zzyzzy,"2017-03-13 07:59:28",0.95967
536881,"Lisa Jian","2017-03-13 08:07:28",0.92741
537033,richardcqian,"2017-03-13 08:35:25",0.78225
537012,adelie,"2017-03-13 08:35:37",0.93145
537033,richardcqian,"2017-03-13 08:49:13",0.91532
537052,hwjwill,"2017-03-13 08:51:32",0.94354
537040,"Matt Anderson","2017-03-13 09:03:10",0.92741
537088,"LILLY CHOU","2017-03-13 09:13:24",0.65725
537040,"Matt Anderson","2017-03-13 09:14:01",0.93145
536230,EricaZhu,"2017-03-13 09:15:49",0.92741
537094,kangseulgi,"2017-03-13 09:16:33",0.93548
537076,"Brandon Teo","2017-03-13 09:21:34",0.93951
537107,"Rohit Ramachandran","2017-03-13 09:21:44",0.91935
537126,rashmi,"2017-03-13 09:34:54",0.95161
537088,"LILLY CHOU","2017-03-13 09:46:53",0.95161
530680,agl000,"2017-03-13 10:05:20",0.93548
537173,zjipsen,"2017-03-13 10:10:19",0.92741
537130,danielchoi,"2017-03-13 10:44:58",0.93951
537286,elbertlin168,"2017-03-13 11:23:48",0.92741
537286,elbertlin168,"2017-03-13 12:00:40",0.93951
537086,"Commendable Fennel","2017-03-13 12:30:00",0.92741
537464,"Thunderous Swami","2017-03-13 13:17:28",0.93951
537512,"Michael Dong","2017-03-13 13:47:04",0.91532
537503,"Andrew Christensen","2017-03-13 13:48:07",0.98387
537512,"Michael Dong","2017-03-13 13:58:15",0.93951
537086,"Commendable Fennel","2017-03-13 14:26:12",0.97983
532523,fracha,"2017-03-13 15:52:12",0.98387
532523,fracha,"2017-03-13 15:57:52",0.99193
537888,"Anjali Suresh","2017-03-13 16:48:39",0.96370
537974,lzlwell,"2017-03-13 17:27:58",0.93951
537965,"Guanghua Chi","2017-03-13 17:30:11",0.92741
530762,"McKane Andrus","2017-03-13 18:35:43",0.97580
538178,"Allan Levy","2017-03-13 19:26:44",0.83064
538180,rohanphadte,"2017-03-13 19:27:06",0.86693
538178,"Allan Levy","2017-03-13 19:32:06",0.83467
538200,"JACOB GREEN","2017-03-13 19:36:39",0.92338
538203,iaeuy,"2017-03-13 19:37:28",0.93951
538242,fabiola17lopez,"2017-03-13 20:00:26",0.93951
538296,Alan,"2017-03-13 20:34:36",0.00000
538296,Alan,"2017-03-13 20:51:29",0.93951
538306,alexmut,"2017-03-13 21:10:48",0.92338
538379,"Ryan Albert","2017-03-13 21:11:29",0.93548
537173,zjipsen,"2017-03-13 21:17:13",0.93145
530197,lohan,"2017-03-13 21:17:32",0.97580
538306,alexmut,"2017-03-13 21:29:28",0.92741
538422,"Vlad K","2017-03-13 21:51:50",0.93548
538461,"Mahesh Vashishtha","2017-03-13 21:55:19",0.94354
535974,kanaad,"2017-03-13 22:04:40",0.92741
538523,minhnguyen7795,"2017-03-13 22:38:21",0.92741
518687,"Yash Shah","2017-03-13 23:10:06",0.98790
534440,JonathanKing,"2017-03-13 23:14:24",0.91532
536777,"Anurag Baddam","2017-03-13 23:54:17",0.93548
518692,akrentsel,"2017-03-13 23:57:30",0.92338
538422,"Vlad K","2017-03-14 00:00:17",0.99193
529733,Fidar,"2017-03-14 00:01:40",0.93548
536773,scoobyd,"2017-03-14 00:03:33",0.93951
538306,alexmut,"2017-03-14 00:03:58",0.96370
536505,ShashankBhargava,"2017-03-14 00:04:24",0.92338
533078,"what in classification","2017-03-14 00:04:28",0.93951
536881,"Lisa Jian","2017-03-14 00:05:49",0.93951
534551,"Tanay Nathan","2017-03-14 00:07:41",0.91935
536867,ianm,"2017-03-14 00:11:33",0.93951
536230,EricaZhu,"2017-03-14 00:14:07",0.93951
537033,richardcqian,"2017-03-14 00:32:48",0.93951
536919,"Alex Chan","2017-03-14 00:36:16",0.88709
527282,"Jason Zhang","2017-03-14 00:53:39",0.99193
534747,cschon,"2017-03-14 01:14:34",0.93951
535020,"junjie rao","2017-03-14 03:57:03",0.86693
536817,"Arun Ramamurthy","2017-03-14 04:07:07",0.91935
535119,sonia,"2017-03-14 04:09:23",0.95564
536869,dkong,"2017-03-14 04:25:02",0.94354
527299,"Wan Fung Chui","2017-03-14 04:25:21",0.99193
539043,"Emmie H","2017-03-14 04:25:37",0.95967
536390,"Sheng Tan","2017-03-14 04:34:30",0.98387
536037,"Robert Giometti","2017-03-14 04:36:09",0.90322
536320,mdClark,"2017-03-14 04:39:59",0.93145
539059,BlueWhiskey,"2017-03-14 04:40:44",0.96774
530762,"McKane Andrus","2017-03-14 04:43:02",0.97983
536526,"luke larson","2017-03-14 04:44:00",0.91532
536716,"Canzhi Ye","2017-03-14 04:46:13",0.95161
534519,taohanwang,"2017-03-14 04:47:27",0.54032
536230,EricaZhu,"2017-03-14 04:48:06",0.94354
539081,YueZhang,"2017-03-14 04:57:14",0.22983
536505,ShashankBhargava,"2017-03-14 04:57:19",0.93548
536583,"James Hulett","2017-03-14 04:59:30",0.97580
536703,OmarAbdul-hadi,"2017-03-14 05:05:07",0.92741
537107,"Rohit Ramachandran","2017-03-14 05:07:20",0.94758
539095,j123,"2017-03-14 05:12:50",0.92741
538989,johnjankowski,"2017-03-14 05:13:52",0.94354
534933,"Andrew Millman","2017-03-14 05:19:45",0.95967
536919,"Alex Chan","2017-03-14 05:24:01",0.92741
534590,"Surendran Subbiah","2017-03-14 05:24:22",0.90725
536338,helen,"2017-03-14 05:25:31",0.92741
534590,"Surendran Subbiah","2017-03-14 05:26:05",0.94758
536071,BlakeT,"2017-03-14 05:29:50",0.97177
539125,sach,"2017-03-14 05:32:18",0.77016
522519,YU-CHIEHLEE,"2017-03-14 05:36:43",0.95564
539095,j123,"2017-03-14 05:39:21",0.93145
534434,"Gary Ge","2017-03-14 05:41:27",0.98790
534974,audge,"2017-03-14 05:42:31",0.95564
538200,"JACOB GREEN","2017-03-14 05:42:55",0.92741
536913,JessicaSatnick,"2017-03-14 05:46:24",0.93951
536487,"Jacky Lu","2017-03-14 05:47:47",0.93548
539125,sach,"2017-03-14 05:49:09",0.81048
532980,jerryoftheday,"2017-03-14 05:50:18",0.97983
536071,BlakeT,"2017-03-14 05:50:58",0.99193
536694,"Christopher Lin","2017-03-14 05:53:48",0.93951
534440,JonathanKing,"2017-03-14 06:06:05",0.92741
538180,rohanphadte,"2017-03-14 06:08:07",0.89516
539186,Shreyas,"2017-03-14 06:10:51",0.96774
533416,MingjiaChen,"2017-03-14 06:16:12",0.99193
533080,"Anshul Tibrewal","2017-03-14 06:23:54",0.95161
539214,AdityaBaradwaj,"2017-03-14 06:31:31",0.91532
539217,"Adnan Hemani","2017-03-14 06:34:32",0.90322
539079,"Sebastian Cai","2017-03-14 06:41:06",0.00000
539226,Mystery36,"2017-03-14 06:41:53",0.41935
536703,OmarAbdul-hadi,"2017-03-14 06:52:25",0.93145
539217,"Adnan Hemani","2017-03-14 06:54:55",0.96370
539214,AdityaBaradwaj,"2017-03-14 06:56:24",0.95967
539259,"Shu Wen Liu","2017-03-14 06:57:33",0.74193
539081,YueZhang,"2017-03-14 07:21:31",0.25806
539306,"Ben Gee","2017-03-14 07:28:35",0.74193
527155,"Jerry Chen","2017-03-14 07:30:22",0.99596
539361,🍺🤔😅.,"2017-03-14 07:57:10",0.88709
536526,"luke larson","2017-03-14 08:16:39",0.92741
539361,🍺🤔😅.,"2017-03-14 08:27:27",0.91129
538180,rohanphadte,"2017-03-14 09:06:20",0.94758
539735,anishb,"2017-03-14 12:22:22",0.00000
539797,minalkhan,"2017-03-14 12:46:31",0.93951
536251,dannver,"2017-03-14 13:01:16",0.94354
540332,"Jerry Cheng","2017-03-14 17:30:06",0.94354
536320,mdClark,"2017-03-14 18:38:52",0.93951
536274,elle,"2017-03-14 18:49:24",0.94354
539492,"Mohit Kohli","2017-03-14 18:50:21",0.86290
540506,"Levon Korganyan","2017-03-14 19:01:30",0.92741
540491,ZhenqiWang,"2017-03-14 19:01:57",0.90725
529835,"Jordi Silvestre-Ryan","2017-03-14 19:05:15",0.95161
540543,"Barak Zhou","2017-03-14 19:38:05",0.74193
540543,"Barak Zhou","2017-03-14 20:21:21",0.96774
525319,sirlittle,"2017-03-14 20:28:22",0.99596
540700,"Siddhant Tandon","2017-03-14 20:52:56",0.93145
540718,"Sophia Zheng","2017-03-14 21:02:01",0.94354
518692,akrentsel,"2017-03-14 21:25:47",0.97983
540778,"Ansong Ni","2017-03-14 21:38:15",0.99193
518690,nrasquinha,"2017-03-14 21:38:41",0.97983
540788,"LH 189","2017-03-14 21:43:14",0.96370
540781,PaulKim,"2017-03-14 21:43:38",0.93145
540827,dantetam,"2017-03-14 22:16:13",0.98790
540845,lopezaar,"2017-03-14 22:21:38",0.88709
540867,EmilySuter,"2017-03-14 22:37:17",0.91935
539492,"Mohit Kohli","2017-03-14 22:51:03",0.89919
540883,nateholmes3,"2017-03-14 22:52:15",0.91129
540880,siddharth-mehta,"2017-03-14 22:54:08",0.08467
534837,Serena,"2017-03-14 23:01:30",0.91532
540880,siddharth-mehta,"2017-03-14 23:05:46",0.91532
534519,taohanwang,"2017-03-14 23:08:12",0.98790
540905,"Machine Learning King Jr.","2017-03-14 23:16:44",0.94758
526945,Codinginging,"2017-03-14 23:46:47",0.99596
540491,ZhenqiWang,"2017-03-14 23:50:02",0.99596
539306,"Ben Gee","2017-03-15 00:00:21",0.96370
527647,"Kevin Shi","2017-03-15 00:24:54",0.96370
540996,yolooooo,"2017-03-15 00:26:25",0.25806
540997,"Kimberly Lu","2017-03-15 00:26:47",0.92741
536338,helen,"2017-03-15 00:32:29",0.93951
539735,anishb,"2017-03-15 00:43:05",0.91532
535799,"Yifat Amir","2017-03-15 00:55:25",0.93548
541052,"Stefan Palombo","2017-03-15 01:10:05",0.98790
541059,zaneDufour,"2017-03-15 01:17:14",0.97580
541048,bighands,"2017-03-15 01:23:13",0.00000
540997,"Kimberly Lu","2017-03-15 01:24:40",0.93145
536245,jthakar,"2017-03-15 01:30:12",0.91935
541081,Dakota,"2017-03-15 01:31:23",0.92338
541048,bighands,"2017-03-15 01:36:05",0.93951
538200,"JACOB GREEN","2017-03-15 01:45:33",0.93548
540996,yolooooo,"2017-03-15 01:45:54",0.74193
541081,Dakota,"2017-03-15 01:59:58",0.94354
537965,"Guanghua Chi","2017-03-15 02:09:46",0.93145
535108,JaumeVivesIBastida,"2017-03-15 02:25:48",0.93951
534837,Serena,"2017-03-15 02:30:22",0.93951
541158,"Ronak M","2017-03-15 03:27:01",0.62096
541279,"Andrew Kim","2017-03-15 03:47:12",0.91935
541297,FelicityZhao,"2017-03-15 03:58:04",0.97983
541298,sahildoshi,"2017-03-15 03:58:52",0.99596
541312,"Samantha ","2017-03-15 04:11:21",0.89919
541315,"Christine Zheng","2017-03-15 04:11:41",0.00000
534297,YuxuanLuo,"2017-03-15 04:16:22",0.47983
534297,YuxuanLuo,"2017-03-15 04:25:44",0.92741
540506,"Levon Korganyan","2017-03-15 04:28:11",0.93951
541315,"Christine Zheng","2017-03-15 04:48:10",0.93145
541389,lenin_machine,"2017-03-15 05:22:44",0.88709
541410,"Hyunkyu Lee","2017-03-15 05:37:36",0.00000
541410,"Hyunkyu Lee","2017-03-15 05:39:24",0.25806
541337,"Joao Carreira","2017-03-15 05:47:55",0.66129
541423,"Vik Waghray","2017-03-15 05:52:01",0.91532
541389,lenin_machine,"2017-03-15 05:52:25",0.92741
540880,siddharth-mehta,"2017-03-15 06:11:31",0.92741
535020,"junjie rao","2017-03-15 06:17:10",0.88709
541423,"Vik Waghray","2017-03-15 06:18:01",0.92338
541473,j8099,"2017-03-15 06:23:44",0.92741
541481,ShivaniSharma,"2017-03-15 06:25:18",0.97983
539214,AdityaBaradwaj,"2017-03-15 06:35:01",0.99193
541506,GARIMARAHEJA,"2017-03-15 06:43:22",0.00000
541434,"Ruta Jawale","2017-03-15 06:51:06",0.74193
541518,"stanley liu","2017-03-15 06:54:35",0.75403
541512,rsatoor,"2017-03-15 06:55:27",0.80645
541506,GARIMARAHEJA,"2017-03-15 06:58:15",0.74193
541577,swang,"2017-03-15 08:01:31",0.91935
541637,"ANDREA BUGNI","2017-03-15 08:06:46",0.97983
541647,"Kunal Gosar","2017-03-15 08:13:22",0.40725
541647,"Kunal Gosar","2017-03-15 08:32:42",0.92338
541641,"Joany Gao","2017-03-15 08:54:06",0.91129
540359,alexye,"2017-03-15 09:28:38",0.94354
542045,Xiaoqi_Zhang,"2017-03-15 12:42:06",0.91532
542045,Xiaoqi_Zhang,"2017-03-15 13:00:30",0.98790
541434,"Ruta Jawale","2017-03-15 17:12:50",0.92741
542586,cro,"2017-03-15 17:14:04",0.91935
542813,abracadabra,"2017-03-15 19:07:51",0.81854
542813,abracadabra,"2017-03-15 19:37:31",0.96774
542943,alexstennet,"2017-03-15 20:06:01",0.98387
541577,swang,"2017-03-15 20:52:00",0.93548
543443,edoyle,"2017-03-15 21:53:41",0.00000
543443,edoyle,"2017-03-15 21:57:36",0.99596
540867,EmilySuter,"2017-03-15 22:41:57",0.99193
543607,jquail,"2017-03-15 22:55:53",0.98790
543703,dweitekamp,"2017-03-15 23:33:39",0.77419
543703,dweitekamp,"2017-03-15 23:54:05",0.91532
540361,sheaconlon,"2017-03-15 23:54:54",0.93548
543758,GoldenBear,"2017-03-16 00:00:18",0.93548
541647,"Kunal Gosar","2017-03-16 00:00:36",0.97177
541641,"Joany Gao","2017-03-16 00:01:30",0.91935
543778,YONG-CHAN_SHIN,"2017-03-16 00:11:21",0.93951
529835,"Jordi Silvestre-Ryan","2017-03-16 00:13:35",0.98790
541434,"Ruta Jawale","2017-03-16 00:27:13",0.98790
543847,"Tong Li","2017-03-16 00:39:30",0.93145
543855,"ML God","2017-03-16 00:45:16",0.92338
543872,"William Zhao","2017-03-16 00:51:18",0.98387
543888,"JaMychal Green","2017-03-16 00:58:09",0.97580
543949,"Greg Salazar","2017-03-16 01:27:30",0.97177
543703,dweitekamp,"2017-03-16 02:11:53",0.94758
543855,"ML God","2017-03-16 02:45:13",0.93145
544163,EYYX,"2017-03-16 02:52:06",0.88306
544283,rickfox888,"2017-03-16 03:53:44",0.84677
544163,EYYX,"2017-03-16 04:03:57",0.92741
544283,rickfox888,"2017-03-16 04:44:17",0.94758
541641,"Joany Gao","2017-03-16 05:49:28",0.92338
544516,evinitsky,"2017-03-16 06:05:59",0.93548
544641,"Louis Chen","2017-03-16 06:54:10",0.93548
545334,yellowcherry,"2017-03-16 12:03:07",0.91129
527704,Eduardo,"2017-03-16 16:21:16",0.97177
545334,yellowcherry,"2017-03-16 18:39:41",0.91532
545334,yellowcherry,"2017-03-17 02:02:19",0.93145
546923,lecielbleu,"2017-03-17 02:38:17",0.96774
547230,"Ujval Misra","2017-03-17 05:42:12",0.91935
539245,Yujia,"2017-03-17 05:51:11",0.93951
550153,nickpeaches,"2017-03-17 21:46:29",0.92741
539081,YueZhang,"2017-03-21 00:39:38",0.83467
